file,start_line,end_line,kind,name,category
AsymptoticSpectra/AsymptoticClosure.lean,27,30,def,IsSubexponential,A
AsymptoticSpectra/AsymptoticClosure.lean,32,78,lemma,isSubexponential_iff_exists_constant,A
AsymptoticSpectra/AsymptoticClosure.lean,80,89,lemma,IsSubexponential.const,A
AsymptoticSpectra/AsymptoticClosure.lean,91,91,lemma,IsSubexponential.const_one,A
AsymptoticSpectra/AsymptoticClosure.lean,93,110,lemma,IsSubexponential.linear,A
AsymptoticSpectra/AsymptoticClosure.lean,112,135,lemma,IsSubexponential.mul,A
AsymptoticSpectra/AsymptoticClosure.lean,137,153,lemma,IsSubexponential.sup_prefix,A
AsymptoticSpectra/AsymptoticClosure.lean,155,157,def,AsymptoticLe,A
AsymptoticSpectra/AsymptoticClosure.lean,159,162,lemma,AsymptoticLe.refl,A
AsymptoticSpectra/AsymptoticClosure.lean,164,176,lemma,AsymptoticLe.of_le,A
AsymptoticSpectra/AsymptoticClosure.lean,178,191,lemma,AsymptoticLe.trans,A
AsymptoticSpectra/AsymptoticClosure.lean,193,254,lemma,AsymptoticLe.nat_order_embedding,A
AsymptoticSpectra/AsymptoticClosure.lean,256,267,lemma,sum_le_sum_P,A
AsymptoticSpectra/AsymptoticClosure.lean,269,321,def,asymptoticClosure,A
AsymptoticSpectra/AsymptoticClosure.lean,323,324,theorem,le_asymptoticClosure,A
AsymptoticSpectra/AsymptoticClosure.lean,326,328,def,IsClosed,A
AsymptoticSpectra/AsymptoticClosure.lean,330,332,def,IsClosedFixedPoint,A
AsymptoticSpectra/AsymptoticClosure.lean,334,336,theorem,isClosed_iff_fixedPoint,A
AsymptoticSpectra/AsymptoticClosure.lean,338,355,lemma,asymptoticLe_iff_relative_rank_subexponential,A
AsymptoticSpectra/AsymptoticClosure.lean,357,367,lemma,relative_rank_scale_le,A
AsymptoticSpectra/AsymptoticClosure.lean,369,557,theorem,asymptoticClosure_isClosed,A
AsymptoticSpectra/AsymptoticClosure.lean,559,560,def,IsMaximal,A
AsymptoticSpectra/AsymptoticClosure.lean,562,568,theorem,IsMaximal.IsClosed,A
AsymptoticSpectra/AsymptoticClosure.lean,570,600,theorem,multiplicative_cancellation,A
AsymptoticSpectra/AsymptoticClosure.lean,602,714,theorem,gap_property,A
AsymptoticSpectra/AsymptoticClosure.lean,717,738,theorem,additive_cancellation,A
AsymptoticSpectra/AsymptoticClosure.lean,740,758,theorem,rho_reflects_le,A
AsymptoticSpectra/AsymptoticClosure.lean,760,841,def,extensionBy,A
AsymptoticSpectra/AsymptoticClosure.lean,843,868,theorem,one_step_extension,A
AsymptoticSpectra/AsymptoticClosure.lean,870,906,def,chain_ub,A
AsymptoticSpectra/AsymptoticClosure.lean,908,929,theorem,total_extension,A
AsymptoticSpectra/AsymptoticClosure.lean,931,954,theorem,IsMaximal.IsTotal,A
AsymptoticSpectra/AsymptoticClosure.lean,956,1003,theorem,closed_strassen_preorder_eq_intersection_maximal,A
AsymptoticSpectra/AsymptoticClosure.lean,1005,1036,theorem,isMaximal_iff_isTotal_isClosed,A
AsymptoticSpectra/AsymptoticClosure.lean,1038,1046,lemma,asymptoticClosure_le_of_isClosed,A
AsymptoticSpectra/AsymptoticClosure.lean,1048,1063,theorem,asymptoticClosure_eq_intersection_total_closed,A
AsymptoticSpectra/Duality.lean,15,22,instance,P,A
AsymptoticSpectra/Duality.lean,24,39,lemma,subexp_rpow_eventually_le,A
AsymptoticSpectra/Duality.lean,41,102,lemma,asymptotic_rank_le_of_asymptoticLe_natCast,A
AsymptoticSpectra/Duality.lean,104,172,lemma,asymptotic_rank_pow,A
AsymptoticSpectra/Duality.lean,174,181,lemma,spectrum_eval_bddAbove,A
AsymptoticSpectra/Duality.lean,183,208,lemma,spectrum_apply_le_asymptotic_rank,A
AsymptoticSpectra/Duality.lean,210,221,lemma,one_le_sup_spectrum,A
AsymptoticSpectra/Duality.lean,223,238,theorem,asymptotic_le_iff_spectrum_le,A
AsymptoticSpectra/Duality.lean,240,366,theorem,asymptotic_rank_eq_max_spectrum,A
AsymptoticSpectra/Rank.lean,22,23,def,rank,B
AsymptoticSpectra/Rank.lean,25,29,theorem,rank_monotone,B
AsymptoticSpectra/Rank.lean,31,41,theorem,rank_subadditive,B
AsymptoticSpectra/Rank.lean,43,53,theorem,rank_submultiplicative,B
AsymptoticSpectra/Rank.lean,55,71,theorem,rank_one,B
AsymptoticSpectra/Rank.lean,73,74,def,IsGreatestNat,B
AsymptoticSpectra/Rank.lean,76,104,def,subrankData,B
AsymptoticSpectra/Rank.lean,106,108,def,subrank,B
AsymptoticSpectra/Rank.lean,110,111,theorem,le_subrank,B
AsymptoticSpectra/Rank.lean,113,114,theorem,subrank_maximal,B
AsymptoticSpectra/Rank.lean,116,121,theorem,subrank_le_iff,B
AsymptoticSpectra/Rank.lean,123,127,theorem,subrank_le_rank,B
AsymptoticSpectra/Rank.lean,129,133,theorem,subrank_monotone,B
AsymptoticSpectra/Rank.lean,135,145,theorem,subrank_superadditive,B
AsymptoticSpectra/Rank.lean,147,157,theorem,subrank_supermultiplicative,B
AsymptoticSpectra/Rank.lean,159,164,theorem,rank_pow_submultiplicative_base,A
AsymptoticSpectra/Rank.lean,166,182,theorem,rank_pow_ge_one,A
AsymptoticSpectra/Rank.lean,184,186,def,asymptotic_rank,A
AsymptoticSpectra/Rank.lean,188,195,theorem,tends_to_asymptotic_rank,A
AsymptoticSpectra/Rank.lean,197,205,theorem,exists_nat_mul_le,B
AsymptoticSpectra/Rank.lean,207,209,def,relative_rank,B
AsymptoticSpectra/Rank.lean,211,214,theorem,relative_rank_spec,B
AsymptoticSpectra/Rank.lean,216,220,theorem,relative_rank_le_of_le,B
AsymptoticSpectra/Rank.lean,222,225,theorem,relative_rank_mono_left,B
AsymptoticSpectra/Rank.lean,227,234,theorem,relative_rank_anti_right,B
AsymptoticSpectra/Rank.lean,236,252,theorem,relative_rank_submultiplicative,B
AsymptoticSpectra/Rank.lean,254,258,theorem,rank_eq_relative_rank,B
AsymptoticSpectra/Rank.lean,260,268,theorem,relative_rank_pow_submultiplicative,A
AsymptoticSpectra/Rank.lean,270,272,def,rho_set,A
AsymptoticSpectra/Rank.lean,274,276,def,kappa_set,A
AsymptoticSpectra/Rank.lean,278,279,def,rho,A
AsymptoticSpectra/Rank.lean,281,282,def,kappa,A
AsymptoticSpectra/Rank.lean,284,287,lemma,rho_set_nonempty,A
AsymptoticSpectra/Rank.lean,289,292,lemma,rho_set_bddBelow,A
AsymptoticSpectra/Rank.lean,294,296,lemma,kappa_set_nonempty,A
AsymptoticSpectra/Rank.lean,298,310,lemma,kappa_set_bddAbove,A
AsymptoticSpectra/Rank.lean,312,323,lemma,sInf_add_sInf_le,A
AsymptoticSpectra/Rank.lean,325,363,lemma,sInf_mul_sInf_le,A
AsymptoticSpectra/Rank.lean,365,376,lemma,csSup_add_le_csSup,A
AsymptoticSpectra/Rank.lean,378,405,lemma,csSup_mul_le_csSup,A
AsymptoticSpectra/Rank.lean,407,415,theorem,rho_monotone,A
AsymptoticSpectra/Rank.lean,417,428,theorem,rho_nat_cast,A
AsymptoticSpectra/Rank.lean,430,453,theorem,rho_add_le,A
AsymptoticSpectra/Rank.lean,455,479,theorem,rho_mul_le,A
AsymptoticSpectra/Rank.lean,481,489,theorem,kappa_monotone,A
AsymptoticSpectra/Rank.lean,491,502,theorem,kappa_nat_cast,A
AsymptoticSpectra/Rank.lean,504,529,theorem,kappa_add_ge,A
AsymptoticSpectra/Rank.lean,531,551,theorem,kappa_mul_ge,A
AsymptoticSpectra/Rank.lean,553,577,theorem,kappa_le_rho,A
AsymptoticSpectra/Rank.lean,579,618,theorem,rho_eq_kappa_of_total,A
AsymptoticSpectra/Rank.lean,620,625,theorem,rho_add,A
AsymptoticSpectra/Rank.lean,627,632,theorem,rho_mul,A
AsymptoticSpectra/Rank.lean,634,636,theorem,rho_zero,A
AsymptoticSpectra/Rank.lean,638,640,theorem,rho_one,A
AsymptoticSpectra/Rank.lean,642,650,def,rho_toRingHom,B
AsymptoticSpectra/Spectrum.lean,26,30,abbrev,AsymptoticSpectrumPoint,B
AsymptoticSpectra/Spectrum.lean,32,40,def,rho_asymptoticSpectrumPoint,B
AsymptoticSpectra/Spectrum.lean,42,44,abbrev,AsymptoticSpectrum,B
AsymptoticSpectra/Spectrum.lean,46,51,abbrev,MaxExtension,B
AsymptoticSpectra/Spectrum.lean,53,59,instance,P,B
AsymptoticSpectra/Spectrum.lean,61,65,instance,P,B
AsymptoticSpectra/Spectrum.lean,67,69,def,SpectrumBox,A
AsymptoticSpectra/Spectrum.lean,71,72,instance,P,A
AsymptoticSpectra/Spectrum.lean,74,75,instance,P,A
AsymptoticSpectra/Spectrum.lean,77,88,def,toBox,A
AsymptoticSpectra/Spectrum.lean,90,96,instance,P,A
AsymptoticSpectra/Spectrum.lean,97,98,theorem,ext,B
AsymptoticSpectra/Spectrum.lean,100,104,def,restrict,B
AsymptoticSpectra/Spectrum.lean,106,133,def,toStrassenPreorder,B
AsymptoticSpectra/Spectrum.lean,135,138,theorem,toStrassenPreorder_isTotal,B
AsymptoticSpectra/Spectrum.lean,140,192,theorem,toStrassenPreorder_isClosed,B
AsymptoticSpectra/Spectrum.lean,194,198,theorem,toStrassenPreorder_le,B
AsymptoticSpectra/Spectrum.lean,200,241,theorem,rho_of_toStrassenPreorder,A
AsymptoticSpectra/Spectrum.lean,243,246,def,spectrumToMaxExtension,B
AsymptoticSpectra/Spectrum.lean,248,252,def,maxExtensionToSpectrum,B
AsymptoticSpectra/Spectrum.lean,254,259,theorem,spectrum_left_inverse,B
AsymptoticSpectra/Spectrum.lean,261,270,theorem,spectrum_right_inverse,B
AsymptoticSpectra/Spectrum.lean,272,278,def,asymptoticSpectrumEquivMaxExtensions,B
AsymptoticSpectra/Spectrum.lean,280,282,theorem,continuous_eval,A
AsymptoticSpectra/Spectrum.lean,284,290,theorem,continuous_toBox,A
AsymptoticSpectra/Spectrum.lean,292,312,theorem,embedding_toBox,A
AsymptoticSpectra/Spectrum.lean,314,364,theorem,isClosed_range_toBox,A
AsymptoticSpectra/Spectrum.lean,366,367,instance,P,A
AsymptoticSpectra/Spectrum.lean,369,373,instance,P,A
AsymptoticSpectra/Spectrum.lean,375,376,instance,P,A
AsymptoticSpectra/Spectrum.lean,378,392,theorem,spectrumPoint_implies_nat_order_embedding,B
AsymptoticSpectra/Structures.lean,23,37,instance,(anonymous),B
AsymptoticSpectra/Structures.lean,39,48,instance,(anonymous),B
AsymptoticSpectra/Structures.lean,49,52,theorem,ext,B
AsymptoticSpectra/Structures.lean,54,58,theorem,zero_lt_one,B
AsymptoticSpectra/Structures.lean,60,70,def,activate,B
AsymptoticSpectra/Structures.lean,72,78,theorem,instCharZero,B
AsymptoticSpectra/Structures.lean,80,102,theorem,toNoZeroDivisors,B
AsymptoticSpectra/Structures.lean,104,106,theorem,mul_ne_zero,B
AsymptoticSpectra/Structures.lean,108,110,theorem,pow_ne_zero,B
AsymptoticSpectra/Structures.lean,112,116,def,IsTotal,B
AsymptoticSpectra/Submultiplicative.lean,9,15,def,IsSubmultiplicative,A
AsymptoticSpectra/Submultiplicative.lean,17,19,def,lim,A
AsymptoticSpectra/Submultiplicative.lean,21,78,theorem,tends_to_lim,A
AsymptoticSpectra/Tensor/BaseChange.lean,17,49,def,scalarExtensionMap,C
AsymptoticSpectra/Tensor/BaseChange.lean,51,68,def,baseChangeRearrange,C
AsymptoticSpectra/Tensor/BaseChange.lean,69,78,lemma,baseChangeRearrange_tmul,C
AsymptoticSpectra/Tensor/BaseChange.lean,80,84,def,baseChange,C
AsymptoticSpectra/Tensor/BaseChange.lean,86,103,def,baseChangeMap,C
AsymptoticSpectra/Tensor/BaseChange.lean,104,107,theorem,baseChangeMap_tmul,C
AsymptoticSpectra/Tensor/BaseChange.lean,109,134,def,baseChangeEquiv,C
AsymptoticSpectra/Tensor/BaseChange.lean,136,140,def,baseChangeProdEquiv,C
AsymptoticSpectra/Tensor/BaseChange.lean,142,152,def,baseChangeTensorEquiv,C
AsymptoticSpectra/Tensor/BaseChange.lean,153,167,theorem,baseChangeTensorEquiv_tmul,C
AsymptoticSpectra/Tensor/BaseChange.lean,168,179,theorem,baseChangeProdEquiv_comp_baseChangeMap_inl,C
AsymptoticSpectra/Tensor/BaseChange.lean,180,191,theorem,baseChangeProdEquiv_comp_baseChangeMap_inr,C
AsymptoticSpectra/Tensor/BaseChange.lean,192,199,theorem,scalarExtensionMap_tprod,C
AsymptoticSpectra/Tensor/BaseChange.lean,201,202,lemma,baseChange_t,C
AsymptoticSpectra/Tensor/BaseChange.lean,204,206,lemma,baseChangeEquiv_toLinearMap,C
AsymptoticSpectra/Tensor/BaseChange.lean,208,219,theorem,interchange_tprod_L,C
AsymptoticSpectra/Tensor/BaseChange.lean,220,252,theorem,baseChangeRearrange_naturality,C
AsymptoticSpectra/Tensor/BaseChange.lean,254,267,theorem,isomorphic_restrict_equiv,C
AsymptoticSpectra/Tensor/BaseChange.lean,269,281,theorem,baseChange_restrict,C
AsymptoticSpectra/Tensor/BaseChange.lean,283,299,theorem,baseChange_isomorphic,C
AsymptoticSpectra/Tensor/BaseChange.lean,301,328,theorem,baseChange_add,C
AsymptoticSpectra/Tensor/BaseChange.lean,329,337,lemma,interchange_add_left,C
AsymptoticSpectra/Tensor/BaseChange.lean,338,346,lemma,interchange_add_right,C
AsymptoticSpectra/Tensor/BaseChange.lean,347,355,lemma,interchange_smul_left,C
AsymptoticSpectra/Tensor/BaseChange.lean,356,365,lemma,interchange_smul_right,C
AsymptoticSpectra/Tensor/BaseChange.lean,366,372,def,equivMap,C
AsymptoticSpectra/Tensor/BaseChange.lean,374,380,def,lhs_term,C
AsymptoticSpectra/Tensor/BaseChange.lean,382,389,def,rhs_term,C
AsymptoticSpectra/Tensor/BaseChange.lean,390,401,lemma,lhs_add_left,C
AsymptoticSpectra/Tensor/BaseChange.lean,402,413,lemma,rhs_add_left,C
AsymptoticSpectra/Tensor/BaseChange.lean,414,425,lemma,lhs_add_right,C
AsymptoticSpectra/Tensor/BaseChange.lean,426,437,lemma,rhs_add_right,C
AsymptoticSpectra/Tensor/BaseChange.lean,438,455,lemma,lhs_smul,C
AsymptoticSpectra/Tensor/BaseChange.lean,456,478,lemma,rhs_smul,C
AsymptoticSpectra/Tensor/BaseChange.lean,479,487,lemma,bcR_one,C
AsymptoticSpectra/Tensor/BaseChange.lean,488,512,lemma,baseChange_interchange_pure,C
AsymptoticSpectra/Tensor/BaseChange.lean,513,532,theorem,baseChange_interchange,C
AsymptoticSpectra/Tensor/BaseChange.lean,534,543,theorem,baseChange_mul,C
AsymptoticSpectra/Tensor/BaseChange.lean,545,557,theorem,baseChange_zero,C
AsymptoticSpectra/Tensor/BaseChange.lean,559,579,theorem,baseChange_one,C
AsymptoticSpectra/Tensor/BaseChange.lean,581,602,def,baseChange,C
AsymptoticSpectra/Tensor/Degeneration.lean,48,57,def,coeff,C
AsymptoticSpectra/Tensor/Degeneration.lean,59,61,def,ofRestrict,C
AsymptoticSpectra/Tensor/Degeneration.lean,63,66,theorem,ofRestrict_coeff_zero,C
AsymptoticSpectra/Tensor/Degeneration.lean,68,104,theorem,ofRestrict_coeff_of_pos,C
AsymptoticSpectra/Tensor/Degeneration.lean,106,134,def,tensor,C
AsymptoticSpectra/Tensor/Degeneration.lean,136,145,theorem,tensor_A_apply,C
AsymptoticSpectra/Tensor/Degeneration.lean,147,151,def,DegeneratesOfOrder,C
AsymptoticSpectra/Tensor/Degeneration.lean,153,157,def,Degenerates,C
AsymptoticSpectra/Tensor/Degeneration.lean,159,166,theorem,Restrict.degeneratesOfOrder,C
AsymptoticSpectra/Tensor/Degeneration.lean,168,173,theorem,Restrict.degenerates,C
AsymptoticSpectra/Tensor/Degeneration.lean,175,177,theorem,DegeneratesOfOrder.refl,C
AsymptoticSpectra/Tensor/Degeneration.lean,179,187,theorem,liftMap_id_fun,C
AsymptoticSpectra/Tensor/Degeneration.lean,188,201,theorem,liftMap_eq_zero_of_zero_slot,C
AsymptoticSpectra/Tensor/Degeneration.lean,203,206,lemma,sum_add_eq,C
AsymptoticSpectra/Tensor/Degeneration.lean,208,351,theorem,DegeneratesOfOrder.add_right,C
AsymptoticSpectra/Tensor/Degeneration.lean,353,387,theorem,DegeneratesOfOrder.mul_right,C
AsymptoticSpectra/Tensor/Degeneration.lean,388,399,theorem,liftMap_sum_piFinset,C
AsymptoticSpectra/Tensor/Degeneration.lean,401,463,theorem,sum_antidiagTuple_piFinset_antidiag,C
AsymptoticSpectra/Tensor/Degeneration.lean,465,489,theorem,PolyFamily.tensor_coeff_expand,C
AsymptoticSpectra/Tensor/Degeneration.lean,491,496,def,PolyFamily.applyTo,C
AsymptoticSpectra/Tensor/Degeneration.lean,498,500,theorem,PolyFamily.applyTo_apply_t,C
AsymptoticSpectra/Tensor/Degeneration.lean,502,521,def,PolyFamily.reparametrize,C
AsymptoticSpectra/Tensor/Degeneration.lean,523,526,theorem,PolyFamily.reparametrize_A_eq,C
AsymptoticSpectra/Tensor/Degeneration.lean,528,594,theorem,PolyFamily.reparametrize_coeff,C
AsymptoticSpectra/Tensor/Degeneration.lean,596,616,def,PolyFamily.comp,C
AsymptoticSpectra/Tensor/Degeneration.lean,618,641,theorem,PolyFamily.comp_coeff_eq,C
AsymptoticSpectra/Tensor/Degeneration.lean,643,720,theorem,DegeneratesOfOrder.trans,C
AsymptoticSpectra/Tensor/Degeneration.lean,722,750,theorem,DegeneratesOfOrder.mul,C
AsymptoticSpectra/Tensor/Degeneration.lean,752,778,theorem,DegeneratesOfOrder.of_restrict_left,C
AsymptoticSpectra/Tensor/Degeneration.lean,780,805,theorem,DegeneratesOfOrder.of_restrict_right,C
AsymptoticSpectra/Tensor/Degeneration.lean,807,808,theorem,Degenerates.refl,C
AsymptoticSpectra/Tensor/Degeneration.lean,810,813,theorem,Degenerates.add_right,C
AsymptoticSpectra/Tensor/Degeneration.lean,815,818,theorem,Degenerates.mul_right,C
AsymptoticSpectra/Tensor/Degeneration.lean,820,825,theorem,Degenerates.trans,C
AsymptoticSpectra/Tensor/Degeneration.lean,827,834,theorem,Degenerates.mul,C
AsymptoticSpectra/Tensor/Degeneration.lean,836,858,theorem,restrict_of_t_add,C
AsymptoticSpectra/Tensor/Degeneration.lean,859,876,theorem,PolyFamily.coeff_diagObj_expand,C
AsymptoticSpectra/Tensor/Degeneration.lean,877,929,theorem,degeneratesOfOrder_diagObj_iff,C
AsymptoticSpectra/Tensor/Degeneration.lean,931,938,def,DegeneratesOfOrder,C
AsymptoticSpectra/Tensor/Degeneration.lean,940,945,def,Degenerates,C
AsymptoticSpectra/Tensor/Degeneration.lean,947,952,theorem,Restrict.degeneratesOfOrder,C
AsymptoticSpectra/Tensor/Degeneration.lean,954,958,theorem,Restrict.degenerates,C
AsymptoticSpectra/Tensor/Degeneration.lean,960,962,theorem,DegeneratesOfOrder.refl,C
AsymptoticSpectra/Tensor/Degeneration.lean,964,970,theorem,DegeneratesOfOrder.add_right,C
AsymptoticSpectra/Tensor/Degeneration.lean,972,978,theorem,DegeneratesOfOrder.mul_right,C
AsymptoticSpectra/Tensor/Degeneration.lean,980,986,theorem,DegeneratesOfOrder.trans,C
AsymptoticSpectra/Tensor/Degeneration.lean,988,995,theorem,DegeneratesOfOrder.mul,C
AsymptoticSpectra/Tensor/Degeneration.lean,997,1003,theorem,DegeneratesOfOrder.of_restrict_left,C
AsymptoticSpectra/Tensor/Degeneration.lean,1005,1013,theorem,DegeneratesOfOrder.of_restrict_right,C
AsymptoticSpectra/Tensor/Degeneration.lean,1014,1034,theorem,tensor_degeneratesOfOrder_natCast_iff,C
AsymptoticSpectra/Tensor/Degeneration.lean,1036,1037,theorem,Degenerates.refl,C
AsymptoticSpectra/Tensor/Degeneration.lean,1039,1042,theorem,Degenerates.add_right,C
AsymptoticSpectra/Tensor/Degeneration.lean,1044,1047,theorem,Degenerates.mul_right,C
AsymptoticSpectra/Tensor/Degeneration.lean,1049,1054,theorem,Degenerates.trans,C
AsymptoticSpectra/Tensor/Degeneration.lean,1056,1063,theorem,Degenerates.mul,C
AsymptoticSpectra/Tensor/Degeneration.lean,1065,1097,theorem,sum_liftMap_restrict_le,C
AsymptoticSpectra/Tensor/Degeneration.lean,1099,1109,theorem,DegeneratesOfOrder.restrict_le,C
AsymptoticSpectra/Tensor/Degeneration.lean,1110,1119,theorem,DegeneratesOfOrder.pow,C
AsymptoticSpectra/Tensor/Degeneration.lean,1121,1129,theorem,IsSubexponential_pow_linear,C
AsymptoticSpectra/Tensor/Degeneration.lean,1131,1143,theorem,card_antidiagonalTuple_le,C
AsymptoticSpectra/Tensor/Degeneration.lean,1145,1178,theorem,Degenerates.asymptoticLe,C
AsymptoticSpectra/Tensor/Degeneration.lean,1180,1208,def,strassenPreorderOfDegenerates,C
AsymptoticSpectra/Tensor/Degeneration.lean,1210,1209,theorem,restrict_le_degenerates,C
AsymptoticSpectra/Tensor/Degeneration.lean,1210,1240,theorem,asymptoticClosure_degenerates_eq,C
AsymptoticSpectra/Tensor/Flattening.lean,34,35,abbrev,Sc,C
AsymptoticSpectra/Tensor/Flattening.lean,37,43,def,splitEquiv,C
AsymptoticSpectra/Tensor/Flattening.lean,45,58,def,splitTensorEquiv,C
AsymptoticSpectra/Tensor/Flattening.lean,60,92,def,tensorToDualHom,C
AsymptoticSpectra/Tensor/Flattening.lean,93,98,theorem,tensorToDualHom_tmul,C
AsymptoticSpectra/Tensor/Flattening.lean,100,110,def,flatteningMap,C
AsymptoticSpectra/Tensor/Flattening.lean,112,119,def,flatteningRank,C
AsymptoticSpectra/Tensor/Flattening.lean,121,152,def,liftEquiv,C
AsymptoticSpectra/Tensor/Flattening.lean,154,174,theorem,reindex_liftEquiv_comm,C
AsymptoticSpectra/Tensor/Flattening.lean,176,203,theorem,tmulEquivDep_liftEquiv_comm,C
AsymptoticSpectra/Tensor/Flattening.lean,204,238,theorem,splitTensorEquiv_naturality,C
AsymptoticSpectra/Tensor/Flattening.lean,240,256,theorem,tensorToDualHom_naturality,C
AsymptoticSpectra/Tensor/Flattening.lean,258,272,theorem,tensorToDualHom_map,C
AsymptoticSpectra/Tensor/Flattening.lean,274,306,theorem,finrank_range_map,C
AsymptoticSpectra/Tensor/Flattening.lean,308,324,theorem,finrank_range_comp_equiv,C
AsymptoticSpectra/Tensor/Flattening.lean,326,355,theorem,split_eq_aux,C
AsymptoticSpectra/Tensor/Flattening.lean,357,388,theorem,flatteningRank_isomorphic,C
AsymptoticSpectra/Tensor/Flattening.lean,390,416,theorem,split_eq_liftMap,C
AsymptoticSpectra/Tensor/Flattening.lean,418,444,theorem,flatteningRank_mono,C
AsymptoticSpectra/Tensor/Flattening.lean,446,458,theorem,flatteningRank_restrict_equiv,C
AsymptoticSpectra/Tensor/Flattening.lean,460,464,def,flatteningRank,C
AsymptoticSpectra/Tensor/Flattening.lean,466,470,def,flatteningRankReal,C
AsymptoticSpectra/Tensor/Flattening.lean,471,475,theorem,flatteningRank_mk,C
AsymptoticSpectra/Tensor/Flattening.lean,476,496,theorem,flatteningRankReal_mk,C
AsymptoticSpectra/Tensor/Flattening.lean,497,542,theorem,splitTensorEquiv_liftMap,C
AsymptoticSpectra/Tensor/Flattening.lean,544,560,theorem,tensorToDualHom_map_inl_inl,C
AsymptoticSpectra/Tensor/Flattening.lean,562,580,theorem,tensorToDualHom_map_inr_inr,C
AsymptoticSpectra/Tensor/Flattening.lean,582,633,theorem,flatteningMap_add_decomp,C
AsymptoticSpectra/Tensor/Flattening.lean,635,802,theorem,flatteningMap_add_range,C
AsymptoticSpectra/Tensor/Flattening.lean,804,864,theorem,flatteningMap_add_range_disjoint,C
AsymptoticSpectra/Tensor/Flattening.lean,866,879,theorem,finrank_sup_of_disjoint,C
AsymptoticSpectra/Tensor/Flattening.lean,881,886,theorem,finrank_map_of_injective,C
AsymptoticSpectra/Tensor/Flattening.lean,888,944,theorem,TensorObj.liftMap_injective_of_injective,C
AsymptoticSpectra/Tensor/Flattening.lean,946,1001,theorem,flatteningRank_add,C
AsymptoticSpectra/Tensor/Flattening.lean,1003,1022,def,piTensorDistribAuxBilin,C
AsymptoticSpectra/Tensor/Flattening.lean,1024,1033,def,piTensorDistribAuxLin,C
AsymptoticSpectra/Tensor/Flattening.lean,1034,1042,theorem,piTensorDistribAuxLin_tmul,C
AsymptoticSpectra/Tensor/Flattening.lean,1044,1065,def,tprodTensorBilin,C
AsymptoticSpectra/Tensor/Flattening.lean,1067,1154,def,mkInnerBilin,C
AsymptoticSpectra/Tensor/Flattening.lean,1156,1422,theorem,piTensorDistribMultilinear_exists,C
AsymptoticSpectra/Tensor/Flattening.lean,1424,1434,def,piTensorDistribMultilinear,C
AsymptoticSpectra/Tensor/Flattening.lean,1436,1444,theorem,piTensorDistribMultilinear_pure,C
AsymptoticSpectra/Tensor/Flattening.lean,1446,1533,theorem,piTensorDistribInvFun_injective,C
AsymptoticSpectra/Tensor/Flattening.lean,1535,1543,theorem,interchange_surj_pure,C
AsymptoticSpectra/Tensor/Flattening.lean,1545,1635,theorem,piTensorDistribAux_exists_unique,C
AsymptoticSpectra/Tensor/Flattening.lean,1637,1691,def,piTensorDistribAux,C
AsymptoticSpectra/Tensor/Flattening.lean,1693,1709,theorem,piTensorDistribAux_apply,C
AsymptoticSpectra/Tensor/Flattening.lean,1711,1723,theorem,piTensorDistribInvFun_piTensorDistribAux,C
AsymptoticSpectra/Tensor/Flattening.lean,1725,1743,def,piTensorDistribToFun,C
AsymptoticSpectra/Tensor/Flattening.lean,1745,1755,def,piTensorDistribInvFun,C
AsymptoticSpectra/Tensor/Flattening.lean,1757,1764,theorem,piTensorDistribInvFun_tprod,C
AsymptoticSpectra/Tensor/Flattening.lean,1766,1800,def,piTensorDistrib,C
AsymptoticSpectra/Tensor/Flattening.lean,1802,1810,theorem,piTensorDistrib_tprod,C
AsymptoticSpectra/Tensor/Flattening.lean,1812,1833,theorem,piTensorDistrib_interchange,C
AsymptoticSpectra/Tensor/Flattening.lean,1835,1851,def,tensorFourRearrange,C
AsymptoticSpectra/Tensor/Flattening.lean,1852,1862,theorem,tensorFourRearrange_tmul,C
AsymptoticSpectra/Tensor/Flattening.lean,1863,1874,theorem,splitTensorEquiv_tprod,C
AsymptoticSpectra/Tensor/Flattening.lean,1875,1925,theorem,splitTensorEquiv_interchange,C
AsymptoticSpectra/Tensor/Flattening.lean,1927,1933,theorem,finrank_tensorProduct,C
AsymptoticSpectra/Tensor/Flattening.lean,1935,1984,theorem,tensorToDualHom_tensorFourRearrange,C
AsymptoticSpectra/Tensor/Flattening.lean,1987,2149,theorem,flatteningRank_mul,C
AsymptoticSpectra/Tensor/Flattening.lean,2151,2159,theorem,flatteningRank_zero,C
AsymptoticSpectra/Tensor/Flattening.lean,2163,2190,def,tprodOneDual,C
AsymptoticSpectra/Tensor/Flattening.lean,2192,2196,theorem,tprodOneDual_apply,C
AsymptoticSpectra/Tensor/Flattening.lean,2198,2201,theorem,tprodOneDual_apply_one,C
AsymptoticSpectra/Tensor/Flattening.lean,2203,2209,theorem,tprodOne_ne_zero,C
AsymptoticSpectra/Tensor/Flattening.lean,2211,2241,theorem,flatteningRank_one,C
AsymptoticSpectra/Tensor/Flattening.lean,2243,2268,def,FlatteningRankPoint,C
AsymptoticSpectra/Tensor/MatrixMult.lean,20,42,instance,instFact13,C
AsymptoticSpectra/Tensor/MatrixMult.lean,44,49,instance,MMSpace_finiteDimensional,C
AsymptoticSpectra/Tensor/MatrixMult.lean,51,73,def,MMPureTensor,C
AsymptoticSpectra/Tensor/MatrixMult.lean,75,78,def,MM,C
AsymptoticSpectra/Tensor/MatrixMult.lean,80,112,theorem,MM_one,C
AsymptoticSpectra/Tensor/MatrixMult.lean,114,227,theorem,MM_le_of_le,C
AsymptoticSpectra/Tensor/MatrixMult.lean,229,237,def,uncurryEquiv,C
AsymptoticSpectra/Tensor/MatrixMult.lean,239,260,def,kronEquiv,C
AsymptoticSpectra/Tensor/MatrixMult.lean,262,307,theorem,kronEquiv_single,C
AsymptoticSpectra/Tensor/MatrixMult.lean,309,401,theorem,MM_mul,C
AsymptoticSpectra/Tensor/MatrixMult.lean,403,407,theorem,one_le_MM,C
AsymptoticSpectra/Tensor/MatrixMult.lean,409,429,theorem,MM_le_mul,C
AsymptoticSpectra/Tensor/MatrixMult.lean,431,443,theorem,MM_ne_zero,C
AsymptoticSpectra/Tensor/MatrixMult.lean,445,456,theorem,MM_pow,C
AsymptoticSpectra/Tensor/MatrixMult.lean,458,463,abbrev,RefinesCanonical,C
AsymptoticSpectra/Tensor/MatrixMult.lean,465,467,def,θ₁,A
AsymptoticSpectra/Tensor/MatrixMult.lean,469,471,def,θ₂,A
AsymptoticSpectra/Tensor/MatrixMult.lean,473,475,def,θ₃,A
AsymptoticSpectra/Tensor/MatrixMult.lean,477,485,theorem,one_le_phi_MM,A
AsymptoticSpectra/Tensor/MatrixMult.lean,487,497,theorem,phi_MM_le_mul,A
AsymptoticSpectra/Tensor/MatrixMult.lean,499,504,theorem,phi_MM_pos,A
AsymptoticSpectra/Tensor/MatrixMult.lean,506,511,theorem,θ₁_nonneg,A
AsymptoticSpectra/Tensor/MatrixMult.lean,513,525,theorem,θ₁_le_one,A
AsymptoticSpectra/Tensor/MatrixMult.lean,527,532,theorem,θ₂_nonneg,A
AsymptoticSpectra/Tensor/MatrixMult.lean,534,545,theorem,θ₂_le_one,A
AsymptoticSpectra/Tensor/MatrixMult.lean,547,552,theorem,θ₃_nonneg,A
AsymptoticSpectra/Tensor/MatrixMult.lean,554,571,theorem,θ₃_le_one,A
AsymptoticSpectra/Tensor/MatrixMult.lean,573,750,theorem,mono_mult_eq_rpow,A
AsymptoticSpectra/Tensor/MatrixMult.lean,752,842,theorem,MM_eval,A
AsymptoticSpectra/Tensor/MatrixMult.lean,844,847,def,specMM,A
AsymptoticSpectra/Tensor/MatrixMult.lean,849,856,theorem,specMM_subset_unitCube,A
AsymptoticSpectra/Tensor/MatrixMult.lean,858,885,theorem,specMM_map_continuous,A
AsymptoticSpectra/Tensor/MatrixMult.lean,887,891,theorem,specMM_compact,A
AsymptoticSpectra/Tensor/MatrixMult.lean,893,903,def,matMulExp,A
AsymptoticSpectra/Tensor/MatrixMult.lean,905,914,lemma,one_le_rank_MM,C
AsymptoticSpectra/Tensor/MatrixMult.lean,916,921,def,matMulExpFun,A
AsymptoticSpectra/Tensor/MatrixMult.lean,923,930,lemma,matMulExpFun_nonneg,A
AsymptoticSpectra/Tensor/MatrixMult.lean,932,936,lemma,matMulExp_bddBelow,A
AsymptoticSpectra/Tensor/MatrixMult.lean,938,939,lemma,matMulExp_eq_iInf,A
AsymptoticSpectra/Tensor/MatrixMult.lean,941,949,lemma,matMulExp_le_at,A
AsymptoticSpectra/Tensor/MatrixMult.lean,951,1037,lemma,matMulExp_le_log_AR_222,A
AsymptoticSpectra/Tensor/MatrixMult.lean,1039,1301,lemma,log_AR_222_le_matMulExp,A
AsymptoticSpectra/Tensor/MatrixMult.lean,1303,1308,theorem,matMulExp_eq_log_AR_222,A
AsymptoticSpectra/Tensor/MatrixMult.lean,1310,1312,lemma,refinesCanonical_self,C
AsymptoticSpectra/Tensor/MatrixMult.lean,1314,1398,theorem,matMulExp_eq_sup_specMM,A
AsymptoticSpectra/Tensor/MatrixMult.lean,1400,1414,def,cyclicPerm,C
AsymptoticSpectra/Tensor/MatrixMult.lean,1416,1418,def,transpPerm,C
AsymptoticSpectra/Tensor/MatrixMult.lean,1420,1476,theorem,MMObj_permuteSpaces_cyclic,C
AsymptoticSpectra/Tensor/MatrixMult.lean,1478,1559,theorem,MMObj_permuteSpaces_transp,C
AsymptoticSpectra/Tensor/MatrixMult.lean,1561,1567,abbrev,PermMono,C
AsymptoticSpectra/Tensor/MatrixMult.lean,1569,1572,def,permMono,C
AsymptoticSpectra/Tensor/MatrixMult.lean,1574,1578,theorem,MM_permuteSpaces_cyclic,C
AsymptoticSpectra/Tensor/MatrixMult.lean,1580,1584,theorem,MM_permuteSpaces_transp,C
AsymptoticSpectra/Tensor/MatrixMult.lean,1586,1596,theorem,θ_perm_cyclic,A
AsymptoticSpectra/Tensor/MatrixMult.lean,1598,1609,theorem,θ_perm_transp,A
AsymptoticSpectra/Tensor/MatrixMult.lean,1611,1617,theorem,specMM_perm_cyclic,A
AsymptoticSpectra/Tensor/MatrixMult.lean,1619,1626,theorem,specMM_perm_transp,A
AsymptoticSpectra/Tensor/MatrixMult.lean,1628,1631,def,permuteTriple,A
AsymptoticSpectra/Tensor/MatrixMult.lean,1633,1641,lemma,S₃_enumerate,A
AsymptoticSpectra/Tensor/MatrixMult.lean,1643,1671,theorem,specMM_perm,A
AsymptoticSpectra/Tensor/MatrixMult.lean,1673,1720,theorem,sum_rpow_convex,A
AsymptoticSpectra/Tensor/MatrixMult.lean,1722,1787,theorem,jensen_S3_convex,A
AsymptoticSpectra/Tensor/MatrixMult.lean,1789,1956,theorem,asymptotic_sum_inequality,A
AsymptoticSpectra/Tensor/Permutation.lean,26,71,theorem,reindex_interchange,C
AsymptoticSpectra/Tensor/Permutation.lean,73,91,theorem,permuteSpaces_restrict,C
AsymptoticSpectra/Tensor/Permutation.lean,93,98,theorem,permuteSpaces_isomorphic,C
AsymptoticSpectra/Tensor/Permutation.lean,100,142,theorem,permuteSpaces_add_restrict,C
AsymptoticSpectra/Tensor/Permutation.lean,144,150,def,permuteSpaces,C
AsymptoticSpectra/Tensor/Permutation.lean,151,152,theorem,permuteSpaces_toTensor,C
AsymptoticSpectra/Tensor/Permutation.lean,154,162,theorem,permuteSpaces_add,C
AsymptoticSpectra/Tensor/Permutation.lean,164,202,theorem,permuteSpaces_mul,C
AsymptoticSpectra/Tensor/Permutation.lean,204,220,theorem,permuteSpaces_zero,C
AsymptoticSpectra/Tensor/Permutation.lean,222,239,theorem,permuteSpaces_one,C
AsymptoticSpectra/Tensor/Permutation.lean,241,247,def,permuteSpacesRingHom,C
AsymptoticSpectra/Tensor/Permutation.lean,249,262,theorem,permuteSpaces_mono,C
AsymptoticSpectra/Tensor/Permutation.lean,264,278,def,perm,C
AsymptoticSpectra/Tensor/Permutation.lean,280,285,theorem,perm_apply,C
AsymptoticSpectra/Tensor/Restriction.lean,19,24,def,Restrict,C
AsymptoticSpectra/Tensor/Restriction.lean,26,35,instance,(anonymous),C
AsymptoticSpectra/Tensor/Restriction.lean,37,55,theorem,restrict_add_right,C
AsymptoticSpectra/Tensor/Restriction.lean,57,62,theorem,restrict_mul_right,C
AsymptoticSpectra/Tensor/Restriction.lean,64,72,theorem,restrict_zero_le,C
AsymptoticSpectra/Tensor/Restriction.lean,74,87,instance,instSemiringPreorder,C
AsymptoticSpectra/Tensor/Restriction.lean,89,97,theorem,flatteningRank_mono,C
AsymptoticSpectra/Tensor/Restriction.lean,98,103,def,diagObj,C
AsymptoticSpectra/Tensor/Restriction.lean,105,144,theorem,restrict_iff_sum_tprod,C
AsymptoticSpectra/Tensor/Restriction.lean,146,276,theorem,diagObj_le_natCast,C
AsymptoticSpectra/Tensor/Restriction.lean,278,286,theorem,toTensor_eq_zero_of_t_eq_zero,C
AsymptoticSpectra/Tensor/Restriction.lean,288,423,theorem,restrict_one_le_of_t_ne_zero,C
AsymptoticSpectra/Tensor/Restriction.lean,425,447,theorem,diagObj_one_eq_one,C
AsymptoticSpectra/Tensor/Restriction.lean,449,491,theorem,natCast_le_diagObj,C
AsymptoticSpectra/Tensor/Restriction.lean,493,502,theorem,tensor_le_natCast_iff,C
AsymptoticSpectra/Tensor/Restriction.lean,504,508,theorem,restrict_lower,C
AsymptoticSpectra/Tensor/Restriction.lean,510,584,instance,(anonymous),C
AsymptoticSpectra/Tensor/Schonhage.lean,22,23,abbrev,X_obj,C
AsymptoticSpectra/Tensor/Schonhage.lean,25,25,abbrev,k_dim,C
AsymptoticSpectra/Tensor/Schonhage.lean,27,35,def,encode,C
AsymptoticSpectra/Tensor/Schonhage.lean,37,39,def,basisA,C
AsymptoticSpectra/Tensor/Schonhage.lean,41,43,def,basisX,C
AsymptoticSpectra/Tensor/Schonhage.lean,45,47,def,basisB,C
AsymptoticSpectra/Tensor/Schonhage.lean,49,51,def,basisY,C
AsymptoticSpectra/Tensor/Schonhage.lean,53,55,def,basisC,C
AsymptoticSpectra/Tensor/Schonhage.lean,57,65,def,basisZ,C
AsymptoticSpectra/Tensor/Schonhage.lean,67,89,def,polyVecMain,C
AsymptoticSpectra/Tensor/Schonhage.lean,91,96,def,polyVecCorr,C
AsymptoticSpectra/Tensor/Schonhage.lean,98,101,def,indexEquiv,C
AsymptoticSpectra/Tensor/Schonhage.lean,103,114,def,polyVec,C
AsymptoticSpectra/Tensor/Schonhage.lean,116,118,lemma,polyVec_inl,C
AsymptoticSpectra/Tensor/Schonhage.lean,120,128,lemma,polyVec_inr,C
AsymptoticSpectra/Tensor/Schonhage.lean,130,189,lemma,schonhage_t0,C
AsymptoticSpectra/Tensor/Schonhage.lean,191,194,lemma,polyVecCorr_eval_pos,C
AsymptoticSpectra/Tensor/Schonhage.lean,196,201,lemma,polyVecMain_mode2_eval1,C
AsymptoticSpectra/Tensor/Schonhage.lean,203,236,lemma,sum_mode0_eval1,C
AsymptoticSpectra/Tensor/Schonhage.lean,238,273,lemma,sum_mode1_eval1,C
AsymptoticSpectra/Tensor/Schonhage.lean,275,374,lemma,schonhage_t1,C
AsymptoticSpectra/Tensor/Schonhage.lean,376,383,lemma,polyVecMain_mode0_eval_ge2,C
AsymptoticSpectra/Tensor/Schonhage.lean,385,392,lemma,polyVecMain_mode1_eval_ge2,C
AsymptoticSpectra/Tensor/Schonhage.lean,394,399,lemma,polyVecMain_mode2_eval2,C
AsymptoticSpectra/Tensor/Schonhage.lean,401,406,lemma,MMObj_t_explicit,C
AsymptoticSpectra/Tensor/Schonhage.lean,408,551,lemma,schonhage_t2,C
AsymptoticSpectra/Tensor/Schonhage.lean,553,575,theorem,schonhage_direct_sum,C
AsymptoticSpectra/Tensor/Schonhage.lean,577,584,theorem,asymptotic_rank_le_of_asymptoticLe_natCast,A
AsymptoticSpectra/Tensor/Schonhage.lean,586,589,theorem,toTensor_add,C
AsymptoticSpectra/Tensor/Schonhage.lean,591,604,theorem,rpow_16_bound,A
AsymptoticSpectra/Tensor/Schonhage.lean,606,619,theorem,rpow_9_bound,A
AsymptoticSpectra/Tensor/Schonhage.lean,621,654,theorem,matMulExp_lt,A
AsymptoticSpectra/Tensor/Tensor.lean,49,64,def,prodEquiv,C
AsymptoticSpectra/Tensor/Tensor.lean,66,74,def,prodComm,C
AsymptoticSpectra/Tensor/Tensor.lean,76,84,def,prodAssoc,C
AsymptoticSpectra/Tensor/Tensor.lean,86,93,def,prodZero,C
AsymptoticSpectra/Tensor/Tensor.lean,95,102,def,uliftEquiv,C
AsymptoticSpectra/Tensor/Tensor.lean,104,106,def,tensorOne,C
AsymptoticSpectra/Tensor/Tensor.lean,108,119,def,tensorZero,C
AsymptoticSpectra/Tensor/Tensor.lean,121,124,def,distribLeft,C
AsymptoticSpectra/Tensor/Tensor.lean,126,129,def,distribRight,C
AsymptoticSpectra/Tensor/Tensor.lean,131,137,def,liftMap,C
AsymptoticSpectra/Tensor/Tensor.lean,139,146,theorem,liftMap_id,C
AsymptoticSpectra/Tensor/Tensor.lean,148,159,theorem,liftMap_comp,C
AsymptoticSpectra/Tensor/Tensor.lean,161,167,theorem,liftMap_tprod,C
AsymptoticSpectra/Tensor/Tensor.lean,169,233,def,interchangeAux,C
AsymptoticSpectra/Tensor/Tensor.lean,235,307,def,interchangeMap,C
AsymptoticSpectra/Tensor/Tensor.lean,310,314,def,interchange,C
AsymptoticSpectra/Tensor/Tensor.lean,316,339,theorem,liftMap_interchange,C
AsymptoticSpectra/Tensor/Tensor.lean,341,351,theorem,interchange_tprod_K,C
AsymptoticSpectra/Tensor/Tensor.lean,353,357,def,add,C
AsymptoticSpectra/Tensor/Tensor.lean,359,362,def,mul,C
AsymptoticSpectra/Tensor/Tensor.lean,364,364,instance,(anonymous),C
AsymptoticSpectra/Tensor/Tensor.lean,365,379,instance,(anonymous),C
AsymptoticSpectra/Tensor/Tensor.lean,381,384,def,Restrict,C
AsymptoticSpectra/Tensor/Tensor.lean,386,387,theorem,restrict_refl,C
AsymptoticSpectra/Tensor/Tensor.lean,389,407,theorem,restrict_trans,C
AsymptoticSpectra/Tensor/Tensor.lean,409,412,def,zeroObj,C
AsymptoticSpectra/Tensor/Tensor.lean,414,417,def,oneObj,C
AsymptoticSpectra/Tensor/Tensor.lean,419,420,def,Isomorphic,C
AsymptoticSpectra/Tensor/Tensor.lean,422,426,theorem,isomorphic_refl,C
AsymptoticSpectra/Tensor/Tensor.lean,428,435,theorem,isomorphic_symm,C
AsymptoticSpectra/Tensor/Tensor.lean,437,441,theorem,isomorphic_trans,C
AsymptoticSpectra/Tensor/Tensor.lean,443,450,def,tensorSetoid,C
AsymptoticSpectra/Tensor/Tensor.lean,452,488,theorem,add_isomorphic,C
AsymptoticSpectra/Tensor/Tensor.lean,490,502,theorem,add_comm_restrict,C
AsymptoticSpectra/Tensor/Tensor.lean,504,506,theorem,add_comm_isomorphic,C
AsymptoticSpectra/Tensor/Tensor.lean,508,611,theorem,add_assoc_restrict_aux,C
AsymptoticSpectra/Tensor/Tensor.lean,613,619,theorem,add_assoc_restrict,C
AsymptoticSpectra/Tensor/Tensor.lean,620,719,theorem,add_assoc_bwd_aux,C
AsymptoticSpectra/Tensor/Tensor.lean,721,726,theorem,add_assoc_isomorphic,C
AsymptoticSpectra/Tensor/Tensor.lean,728,740,theorem,mul_isomorphic,C
AsymptoticSpectra/Tensor/Tensor.lean,742,758,theorem,mul_comm_restrict_aux,C
AsymptoticSpectra/Tensor/Tensor.lean,760,763,theorem,mul_comm_restrict,C
AsymptoticSpectra/Tensor/Tensor.lean,765,767,theorem,mul_comm_isomorphic,C
AsymptoticSpectra/Tensor/Tensor.lean,769,800,theorem,interchange_assoc,C
AsymptoticSpectra/Tensor/Tensor.lean,801,812,theorem,mul_assoc_restrict_fwd,C
AsymptoticSpectra/Tensor/Tensor.lean,813,822,theorem,mul_assoc_isomorphic,C
AsymptoticSpectra/Tensor/Tensor.lean,823,828,theorem,add_zero_restrict_fwd,C
AsymptoticSpectra/Tensor/Tensor.lean,829,841,theorem,add_zero_isomorphic,C
AsymptoticSpectra/Tensor/Tensor.lean,842,847,theorem,zero_add_restrict_fwd,C
AsymptoticSpectra/Tensor/Tensor.lean,848,862,theorem,zero_add_isomorphic,C
AsymptoticSpectra/Tensor/Tensor.lean,863,908,theorem,one_mul_restrict_fwd,C
AsymptoticSpectra/Tensor/Tensor.lean,909,923,theorem,one_mul_isomorphic,C
AsymptoticSpectra/Tensor/Tensor.lean,925,932,theorem,mul_one_isomorphic,C
AsymptoticSpectra/Tensor/Tensor.lean,933,975,theorem,mul_add_restrict_fwd,C
AsymptoticSpectra/Tensor/Tensor.lean,976,1007,theorem,mul_add_isomorphic,C
AsymptoticSpectra/Tensor/Tensor.lean,1009,1017,theorem,add_mul_isomorphic,C
AsymptoticSpectra/Tensor/Tensor.lean,1019,1027,theorem,zero_mul_isomorphic,C
AsymptoticSpectra/Tensor/Tensor.lean,1029,1036,def,Tensor,C
AsymptoticSpectra/Tensor/Tensor.lean,1038,1040,def,toTensor,C
AsymptoticSpectra/Tensor/Tensor.lean,1042,1043,def,zeroObj,C
AsymptoticSpectra/Tensor/Tensor.lean,1044,1044,def,oneObj,C
AsymptoticSpectra/Tensor/Tensor.lean,1046,1046,instance,(anonymous),C
AsymptoticSpectra/Tensor/Tensor.lean,1047,1047,instance,(anonymous),C
AsymptoticSpectra/Tensor/Tensor.lean,1049,1053,def,add,C
AsymptoticSpectra/Tensor/Tensor.lean,1055,1059,def,mul,C
AsymptoticSpectra/Tensor/Tensor.lean,1061,1061,instance,(anonymous),C
AsymptoticSpectra/Tensor/Tensor.lean,1062,1066,instance,(anonymous),C
AsymptoticSpectra/Tensor/Tensor.lean,1068,1077,theorem,lift_unary_iso,C
AsymptoticSpectra/Tensor/Tensor.lean,1079,1090,theorem,lift_binary_iso,C
AsymptoticSpectra/Tensor/Tensor.lean,1092,1110,theorem,lift_ternary_iso,C
AsymptoticSpectra/Tensor/Tensor.lean,1112,1113,theorem,add_comm,C
AsymptoticSpectra/Tensor/Tensor.lean,1115,1117,theorem,add_assoc,C
AsymptoticSpectra/Tensor/Tensor.lean,1119,1121,theorem,zero_add,C
AsymptoticSpectra/Tensor/Tensor.lean,1123,1125,theorem,add_zero,C
AsymptoticSpectra/Tensor/Tensor.lean,1127,1129,theorem,mul_comm,C
AsymptoticSpectra/Tensor/Tensor.lean,1131,1133,theorem,mul_assoc,C
AsymptoticSpectra/Tensor/Tensor.lean,1135,1137,theorem,one_mul,C
AsymptoticSpectra/Tensor/Tensor.lean,1139,1141,theorem,mul_one,C
AsymptoticSpectra/Tensor/Tensor.lean,1143,1145,theorem,mul_add,C
AsymptoticSpectra/Tensor/Tensor.lean,1147,1149,theorem,add_mul,C
AsymptoticSpectra/Tensor/Tensor.lean,1151,1153,theorem,zero_mul,C
AsymptoticSpectra/Tensor/Tensor.lean,1155,1156,theorem,mul_zero,C
AsymptoticSpectra/Tensor/Tensor.lean,1158,1160,def,natCast,C
AsymptoticSpectra/Tensor/Tensor.lean,1162,1187,instance,(anonymous),C
